TTT,0.069
TTC,0.518
TTA,0.362
TTG,0.793
TCT,0.569
TCC,0.219
TCA,0.155
TCG,0.17
TAT,0.055
TAC,0.414
TGT,0.028
TGC,0.207
TGG,0.311
CTT,0.007
CTC,0.052
CTA,0.155
CTG,0.118
CCT,0.104
CCC,0.219
CCA,0.518
CCG,0.393
CAT,0.048
CAC,0.362
CAA,0.466
CAG,0.406
CGT,0.311
CGC,0.219
CGA,0.219
CGG,0.052
ATT,0.673
ATC,0.219
ATA,0.104
ATG,0.518
ACT,0.569
ACC,0.219
ACA,0.207
ACG,0.209
AAT,0.069
AAC,0.518
AAA,0.362
AAG,1
AGT,0.014
AGC,0.104
AGA,0.569
AGG,0.485
GTT,0.725
GTC,0.219
GTA,0.104
GTG,0.182
GCT,0.569
GCC,0.219
GCA,0.259
GCG,0.197
GAT,0.104
GAC,0.776
GAA,0.725
GAG,0.654
GGT,0.111
GGC,0.828
GGA,0.155
GGG,0.222
